city,coordinates
https://latitudelongitude.org/pl/aleksandrow-kujawski/,"['52.87659, 18.69345']"
https://latitudelongitude.org/pl/aleksandrow-lodzki/,"['51.81965, 19.30384']"
https://latitudelongitude.org/pl/andrychow/,"['49.85497, 19.33834']"
https://latitudelongitude.org/pl/augustow/,"['53.84321, 22.97979']"
https://latitudelongitude.org/pl/barcin/,"['52.86607, 17.94625']"
https://latitudelongitude.org/pl/barczewo/,"['53.83055, 20.69112']"
https://latitudelongitude.org/pl/barlinek/,"['52.99464, 15.21864']"
https://latitudelongitude.org/pl/bartoszyce/,"['54.25354, 20.80819']"
https://latitudelongitude.org/pl/bedzin/,"['50.32607, 19.12565']"
https://latitudelongitude.org/pl/belchatow/,"['51.36883, 19.35671']"
https://latitudelongitude.org/pl/belzyce/,"['51.17415, 22.28027']"
https://latitudelongitude.org/pl/bemowo/,"['52.2546, 20.90844']"
https://latitudelongitude.org/pl/biala-podlaska/,"['52.03238, 23.11652']"
https://latitudelongitude.org/pl/biale-blota/,"['53.09516, 17.91621']"
https://latitudelongitude.org/pl/bialobrzegi/,"['51.64695, 20.95041']"
https://latitudelongitude.org/pl/bialogard/,"['54.00696, 15.98751']"
https://latitudelongitude.org/pl/bialoleka/,"['52.32127, 20.97204']"
https://latitudelongitude.org/pl/bialystok/,"['53.13333, 23.16433']"
https://latitudelongitude.org/pl/bielany/,"['52.29242, 20.93531']"
https://latitudelongitude.org/pl/bielawa/,"['50.69075, 16.623']"
https://latitudelongitude.org/pl/bielsk-podlaski/,"['52.76512, 23.18647']"
https://latitudelongitude.org/pl/bielsko-biala/,"['49.82245, 19.04686']"
https://latitudelongitude.org/pl/bierun/,"['50.09, 19.09291']"
https://latitudelongitude.org/pl/bierutow/,"['51.12443, 17.54607']"
https://latitudelongitude.org/pl/bilgoraj/,"['50.54114, 22.72204']"
https://latitudelongitude.org/pl/biskupiec/,"['53.86467, 20.95692']"
https://latitudelongitude.org/pl/blachownia/,"['50.78015, 18.96389']"
https://latitudelongitude.org/pl/blonie/,"['52.19849, 20.61709']"
https://latitudelongitude.org/pl/bochnia/,"['49.96905, 20.43028']"
https://latitudelongitude.org/pl/bogatynia/,"['50.90747, 14.95634']"
https://latitudelongitude.org/pl/boguchwala/,"['49.98473, 21.94528']"
https://latitudelongitude.org/pl/boguszow-gorce/,"['50.75514, 16.20494']"
https://latitudelongitude.org/pl/boleslawiec/,"['51.26418, 15.5697']"
https://latitudelongitude.org/pl/bolkow/,"['50.92203, 16.10111']"
https://latitudelongitude.org/pl/bolszewo/,"['54.61801, 18.17585']"
https://latitudelongitude.org/pl/braniewo/,"['54.37971, 19.81959']"
https://latitudelongitude.org/pl/brenna/,"['49.72576, 18.90249']"
https://latitudelongitude.org/pl/brodnica/,"['53.25967, 19.39653']"
https://latitudelongitude.org/pl/brwinow/,"['52.14269, 20.71697']"
https://latitudelongitude.org/pl/brzeg/,"['50.86079, 17.4674']"
https://latitudelongitude.org/pl/brzeg-dolny/,"['51.27299, 16.70815']"
https://latitudelongitude.org/pl/brzesko/,"['49.96911, 20.60606']"
https://latitudelongitude.org/pl/brzeszcze/,"['49.98203, 19.15157']"
https://latitudelongitude.org/pl/brzeziny/,"['51.80023, 19.75144']"
https://latitudelongitude.org/pl/brzozow/,"['49.69501, 22.01926']"
https://latitudelongitude.org/pl/buk/,"['52.35532, 16.51958']"
https://latitudelongitude.org/pl/bukowno/,"['50.26474, 19.45962']"
https://latitudelongitude.org/pl/busko-zdroj/,"['50.47078, 20.71884']"
https://latitudelongitude.org/pl/bychawa/,"['51.01608, 22.53296']"
https://latitudelongitude.org/pl/bydgoszcz/,"['53.1235, 18.00762']"
https://latitudelongitude.org/pl/bystrzyca-klodzka/,"['50.30179, 16.64231']"
https://latitudelongitude.org/pl/bytom/,"['50.34802, 18.93282']"
https://latitudelongitude.org/pl/bytow/,"['54.17057, 17.49187']"
https://latitudelongitude.org/pl/chelm/,"['51.14312, 23.4716']"
https://latitudelongitude.org/pl/chelm-slaski/,"['50.10825, 19.19552']"
https://latitudelongitude.org/pl/chelmek/,"['50.10163, 19.24801']"
https://latitudelongitude.org/pl/chelmno/,"['53.34855, 18.4251']"
https://latitudelongitude.org/pl/chelmza/,"['53.18463, 18.60466']"
https://latitudelongitude.org/pl/chocianow/,"['51.41867, 15.90172']"
https://latitudelongitude.org/pl/chocznia/,"['49.87417, 19.45438']"
https://latitudelongitude.org/pl/chodziez/,"['52.99505, 16.9198']"
https://latitudelongitude.org/pl/chojna/,"['52.96389, 14.42797']"
https://latitudelongitude.org/pl/chojnice/,"['53.69554, 17.55701']"
https://latitudelongitude.org/pl/chojnow/,"['51.27373, 15.93661']"
https://latitudelongitude.org/pl/choroszcz/,"['53.14332, 22.98889']"
https://latitudelongitude.org/pl/chorzow/,"['50.30582, 18.9742']"
https://latitudelongitude.org/pl/choszczno/,"['53.16905, 15.42054']"
https://latitudelongitude.org/pl/chrzanow/,"['50.13546, 19.40203']"
https://latitudelongitude.org/pl/ciechanow/,"['52.88141, 20.61996']"
https://latitudelongitude.org/pl/ciechocinek/,"['52.87908, 18.79505']"
https://latitudelongitude.org/pl/cieplice-slaskie-zdroj/,"['50.86545, 15.68367']"
https://latitudelongitude.org/pl/cieszyn/,"['49.75133, 18.63213']"
https://latitudelongitude.org/pl/czaniec/,"['49.85071, 19.25354']"
https://latitudelongitude.org/pl/czaplinek/,"['53.55775, 16.23333']"
https://latitudelongitude.org/pl/czarna-bialostocka/,"['53.30509, 23.28146']"
https://latitudelongitude.org/pl/czarne/,"['53.6842, 16.93834']"
https://latitudelongitude.org/pl/czarnkow/,"['52.90214, 16.56413']"
https://latitudelongitude.org/pl/czechowice-dziedzice/,"['49.91342, 19.00479']"
https://latitudelongitude.org/pl/czeladz/,"['50.31542, 19.07824']"
https://latitudelongitude.org/pl/czempin/,"['52.14404, 16.76408']"
https://latitudelongitude.org/pl/czersk/,"['53.79589, 17.97647']"
https://latitudelongitude.org/pl/czerwionka-leszczyny/,"['50.15007, 18.67762']"
https://latitudelongitude.org/pl/czerwonak/,"['52.46459, 16.98169']"
https://latitudelongitude.org/pl/czestochowa/,"['50.79646, 19.12409']"
https://latitudelongitude.org/pl/czluchow/,"['53.66722, 17.35883']"
https://latitudelongitude.org/pl/dabrowa-bialostocka/,"['53.65364, 23.34792']"
https://latitudelongitude.org/pl/dabrowa-gornicza/,"['50.31818, 19.2374']"
https://latitudelongitude.org/pl/dabrowa-tarnowska/,"['50.17462, 20.98633']"
https://latitudelongitude.org/pl/darlowo/,"['54.42095, 16.4107']"
https://latitudelongitude.org/pl/debica/,"['50.05146, 21.41141']"
https://latitudelongitude.org/pl/deblin/,"['51.55912, 21.84829']"
https://latitudelongitude.org/pl/debno/,"['52.73901, 14.698']"
https://latitudelongitude.org/pl/debrzno/,"['53.53817, 17.23643']"
https://latitudelongitude.org/pl/dobczyce/,"['49.88109, 20.08936']"
https://latitudelongitude.org/pl/dobre-miasto/,"['53.98668, 20.39749']"
https://latitudelongitude.org/pl/drawsko-pomorskie/,"['53.53056, 15.80967']"
https://latitudelongitude.org/pl/drezdenko/,"['52.83831, 15.83079']"
https://latitudelongitude.org/pl/dynow/,"['49.81506, 22.23388']"
https://latitudelongitude.org/pl/dzialdowo/,"['53.23958, 20.17004']"
https://latitudelongitude.org/pl/dzialoszyn/,"['51.11699, 18.86524']"
https://latitudelongitude.org/pl/dzierzgon/,"['53.92196, 19.34705']"
https://latitudelongitude.org/pl/dzierzoniow/,"['50.7282, 16.65141']"
https://latitudelongitude.org/pl/elblag/,"['54.1522, 19.40884']"
https://latitudelongitude.org/pl/elk/,"['53.82824, 22.36469']"
https://latitudelongitude.org/pl/fordon/,"['53.14821, 18.17036']"
https://latitudelongitude.org/pl/garwolin/,"['51.89747, 21.61466']"
https://latitudelongitude.org/pl/gdansk/,"['54.35205, 18.64637']"
https://latitudelongitude.org/pl/gdynia/,"['54.51889, 18.53188']"
https://latitudelongitude.org/pl/gierloz/,"['54.08134, 21.49551']"
https://latitudelongitude.org/pl/gizycko/,"['54.03811, 21.76441']"
https://latitudelongitude.org/pl/gliwice/,"['50.29761, 18.67658']"
https://latitudelongitude.org/pl/glogow/,"['51.66361, 16.0845']"
https://latitudelongitude.org/pl/glogow-malopolski/,"['50.15122, 21.96287']"
https://latitudelongitude.org/pl/glogowek/,"['50.35355, 17.86405']"
https://latitudelongitude.org/pl/glowno/,"['51.96463, 19.71565']"
https://latitudelongitude.org/pl/glubczyce/,"['50.20086, 17.82858']"
https://latitudelongitude.org/pl/glucholazy/,"['50.31505, 17.38355']"
https://latitudelongitude.org/pl/gluszyca/,"['50.68743, 16.37173']"
https://latitudelongitude.org/pl/gniew/,"['53.83602, 18.8231']"
https://latitudelongitude.org/pl/gniewkowo/,"['52.89461, 18.40785']"
https://latitudelongitude.org/pl/gniezno/,"['52.53481, 17.58259']"
https://latitudelongitude.org/pl/goczalkowice-zdroj/,"['49.94454, 18.96927']"
https://latitudelongitude.org/pl/gogolin/,"['50.49222, 18.01994']"
https://latitudelongitude.org/pl/goldap/,"['54.30631, 22.30362']"
https://latitudelongitude.org/pl/goleniow/,"['53.56392, 14.82854']"
https://latitudelongitude.org/pl/golub-dobrzyn/,"['53.11087, 19.05381']"
https://latitudelongitude.org/pl/gora/,"['51.66638, 16.53494']"
https://latitudelongitude.org/pl/gora-kalwaria/,"['51.97653, 21.21537']"
https://latitudelongitude.org/pl/gorlice/,"['49.65563, 21.16035']"
https://latitudelongitude.org/pl/gorzow-wielkopolski/,"['52.73679, 15.22878']"
https://latitudelongitude.org/pl/gorzyce/,"['50.6672, 21.84013']"
https://latitudelongitude.org/pl/goscicino/,"['54.60459, 18.15491']"
https://latitudelongitude.org/pl/gostyn/,"['51.88247, 17.01225']"
https://latitudelongitude.org/pl/gostynin/,"['52.42938, 19.46194']"
https://latitudelongitude.org/pl/grajewo/,"['53.64728, 22.45537']"
https://latitudelongitude.org/pl/grodkow/,"['50.69836, 17.38449']"
https://latitudelongitude.org/pl/grodzisk-mazowiecki/,"['52.10387, 20.6337']"
https://latitudelongitude.org/pl/grodzisk-wielkopolski/,"['52.22762, 16.36534']"
https://latitudelongitude.org/pl/grojec/,"['51.86252, 20.86757']"
https://latitudelongitude.org/pl/grudki/,"['53.09488, 23.66848']"
https://latitudelongitude.org/pl/grudziadz/,"['53.48411, 18.75366']"
https://latitudelongitude.org/pl/grybow/,"['49.62439, 20.94797']"
https://latitudelongitude.org/pl/gryfice/,"['53.9165, 15.20027']"
https://latitudelongitude.org/pl/gryfino/,"['53.25243, 14.48831']"
https://latitudelongitude.org/pl/gryfow-slaski/,"['51.03081, 15.42017']"
https://latitudelongitude.org/pl/gubin/,"['51.94956, 14.72837']"
https://latitudelongitude.org/pl/hajnowka/,"['52.74328, 23.58122']"
https://latitudelongitude.org/pl/hrubieszow/,"['50.80502, 23.89251']"
https://latitudelongitude.org/pl/ilawa/,"['53.59601, 19.56849']"
https://latitudelongitude.org/pl/ilza/,"['51.16313, 21.23979']"
https://latitudelongitude.org/pl/imielin/,"['50.14534, 19.18599']"
https://latitudelongitude.org/pl/inowroclaw/,"['52.79886, 18.26387']"
https://latitudelongitude.org/pl/jablonna/,"['52.37885, 20.91745']"
https://latitudelongitude.org/pl/janikowo/,"['52.75328, 18.11328']"
https://latitudelongitude.org/pl/janow-lubelski/,"['50.70695, 22.41039']"
https://latitudelongitude.org/pl/janowiec-wielkopolski/,"['52.75583, 17.48981']"
https://latitudelongitude.org/pl/jarocin/,"['51.97266, 17.50256']"
https://latitudelongitude.org/pl/jaroslaw/,"['50.01623, 22.67776']"
https://latitudelongitude.org/pl/jaslo/,"['49.74506, 21.47252']"
https://latitudelongitude.org/pl/jastrowie/,"['53.42048, 16.81756']"
https://latitudelongitude.org/pl/jastrzebie-zdroj/,"['49.95542, 18.57479']"
https://latitudelongitude.org/pl/jawor/,"['51.05132, 16.19347']"
https://latitudelongitude.org/pl/jaworze/,"['49.79351, 18.9479']"
https://latitudelongitude.org/pl/jaworzno/,"['50.20528, 19.27498']"
https://latitudelongitude.org/pl/jaworzyna-slaska/,"['50.9134, 16.43241']"
https://latitudelongitude.org/pl/jedlicze/,"['49.71749, 21.64886']"
https://latitudelongitude.org/pl/jedlina-zdroj/,"['50.72005, 16.34645']"
https://latitudelongitude.org/pl/jedrzejow/,"['50.63945, 20.30454']"
https://latitudelongitude.org/pl/jelcz/,"['51.02102, 17.32095']"
https://latitudelongitude.org/pl/jelcz-laskowice/,"['51.02134, 17.31649']"
https://latitudelongitude.org/pl/jelenia-gora/,"['50.89973, 15.72899']"
https://latitudelongitude.org/pl/jezowe/,"['50.37486, 22.12749']"
https://latitudelongitude.org/pl/jordanow/,"['49.64935, 19.82981']"
https://latitudelongitude.org/pl/jozefow/,"['52.13707, 21.23589']"
https://latitudelongitude.org/pl/kabaty/,"['52.13012, 21.08148']"
https://latitudelongitude.org/pl/kalisz/,"['51.76109, 18.09102']"
https://latitudelongitude.org/pl/kamien-pomorski/,"['53.96849, 14.77262']"
https://latitudelongitude.org/pl/kamienna-gora/,"['50.78314, 16.03037']"
https://latitudelongitude.org/pl/karczew/,"['52.07655, 21.24962']"
https://latitudelongitude.org/pl/kartuzy/,"['54.33424, 18.19735']"
https://latitudelongitude.org/pl/katowice/,"['50.25841, 19.02754']"
https://latitudelongitude.org/pl/kedzierzyn-kozle/,"['50.34984, 18.22606']"
https://latitudelongitude.org/pl/kepno/,"['51.2784, 17.98908']"
https://latitudelongitude.org/pl/ketrzyn/,"['54.07676, 21.37527']"
https://latitudelongitude.org/pl/kety/,"['49.88214, 19.22333']"
https://latitudelongitude.org/pl/kielce/,"['50.87033, 20.62752']"
https://latitudelongitude.org/pl/klobuck/,"['50.90081, 18.93674']"
https://latitudelongitude.org/pl/klodzko/,"['50.43488, 16.66145']"
https://latitudelongitude.org/pl/kluczbork/,"['50.97281, 18.21816']"
https://latitudelongitude.org/pl/knurow/,"['50.21971, 18.65067']"
https://latitudelongitude.org/pl/kobylka/,"['52.33953, 21.19589']"
https://latitudelongitude.org/pl/kolbuszowa/,"['50.2441, 21.7761']"
https://latitudelongitude.org/pl/kolno/,"['53.41148, 21.92905']"
https://latitudelongitude.org/pl/kolo/,"['52.20024, 18.63865']"
https://latitudelongitude.org/pl/kolobrzeg/,"['54.17565, 15.58342']"
https://latitudelongitude.org/pl/koluszki/,"['51.73872, 19.81994']"
https://latitudelongitude.org/pl/konin/,"['52.22338, 18.25121']"
https://latitudelongitude.org/pl/konskie/,"['51.19166, 20.40607']"
https://latitudelongitude.org/pl/konstancin-jeziorna/,"['52.0938, 21.11761']"
https://latitudelongitude.org/pl/konstantynow-lodzki/,"['51.74776, 19.32564']"
https://latitudelongitude.org/pl/koronowo/,"['53.3137, 17.93698']"
https://latitudelongitude.org/pl/koscian/,"['52.08829, 16.64866']"
https://latitudelongitude.org/pl/koscierzyna/,"['54.12226, 17.98119']"
https://latitudelongitude.org/pl/kostrzyn/,"['52.39847, 17.22811']"
https://latitudelongitude.org/pl/kostrzyn-nad-odra/,"['52.58713, 14.64953']"
https://latitudelongitude.org/pl/koszalin/,"['54.19438, 16.17222']"
https://latitudelongitude.org/pl/kowary/,"['50.79313, 15.83559']"
https://latitudelongitude.org/pl/kozienice/,"['51.58294, 21.54779']"
https://latitudelongitude.org/pl/kozle/,"['50.3356, 18.14332']"
https://latitudelongitude.org/pl/kozuchow/,"['51.74558, 15.59492']"
https://latitudelongitude.org/pl/kozy/,"['49.84756, 19.14891']"
https://latitudelongitude.org/pl/krakow/,"['50.06143, 19.93658']"
https://latitudelongitude.org/pl/krapkowice/,"['50.47515, 17.96539']"
https://latitudelongitude.org/pl/krasnik/,"['50.9236, 22.22706']"
https://latitudelongitude.org/pl/krasnystaw/,"['50.98464, 23.1742']"
https://latitudelongitude.org/pl/krosno/,"['49.68866, 21.77058']"
https://latitudelongitude.org/pl/krosno-odrzanskie/,"['52.05492, 15.09882']"
https://latitudelongitude.org/pl/krotoszyn/,"['51.69868, 17.43738']"
https://latitudelongitude.org/pl/kruszwica/,"['52.67562, 18.33131']"
https://latitudelongitude.org/pl/krynica-zdroj/,"['49.42225, 20.95942']"
https://latitudelongitude.org/pl/krzeszowice/,"['50.14248, 19.63223']"
https://latitudelongitude.org/pl/kudowa-zdroj/,"['50.44297, 16.24397']"
https://latitudelongitude.org/pl/kutno/,"['52.23064, 19.36409']"
https://latitudelongitude.org/pl/kwidzyn/,"['53.72495, 18.93114']"
https://latitudelongitude.org/pl/ladek-zdroj/,"['50.34371, 16.87946']"
https://latitudelongitude.org/pl/lancut/,"['50.06871, 22.22912']"
https://latitudelongitude.org/pl/lapy/,"['52.9911, 22.88422']"
https://latitudelongitude.org/pl/lask/,"['51.59056, 19.13278']"
https://latitudelongitude.org/pl/laziska-gorne/,"['50.14952, 18.84215']"
https://latitudelongitude.org/pl/lazy/,"['50.42769, 19.39465']"
https://latitudelongitude.org/pl/lebork/,"['54.53921, 17.75012']"
https://latitudelongitude.org/pl/leczna/,"['51.30121, 22.88135']"
https://latitudelongitude.org/pl/leczyca/,"['52.05959, 19.19972']"
https://latitudelongitude.org/pl/ledziny/,"['50.14264, 19.13149']"
https://latitudelongitude.org/pl/legionowo/,"['52.40149, 20.92664']"
https://latitudelongitude.org/pl/legnica/,"['51.21006, 16.1619']"
https://latitudelongitude.org/pl/lesko/,"['49.4701, 22.33042']"
https://latitudelongitude.org/pl/leszno/,"['51.84034, 16.57494']"
https://latitudelongitude.org/pl/lesznowola/,"['52.09095, 20.93479']"
https://latitudelongitude.org/pl/lewin-brzeski/,"['50.7487, 17.61688']"
https://latitudelongitude.org/pl/lezajsk/,"['50.26257, 22.41932']"
https://latitudelongitude.org/pl/libiaz/,"['50.10396, 19.31568']"
https://latitudelongitude.org/pl/lidzbark/,"['53.26283, 19.82663']"
https://latitudelongitude.org/pl/lidzbark-warminski/,"['54.12588, 20.57954']"
https://latitudelongitude.org/pl/limanowa/,"['49.70594, 20.42204']"
https://latitudelongitude.org/pl/lipno/,"['52.84436, 19.17852']"
https://latitudelongitude.org/pl/lipsko/,"['51.15954, 21.64933']"
https://latitudelongitude.org/pl/lobez/,"['53.63918, 15.62129']"
https://latitudelongitude.org/pl/lochow/,"['52.53076, 21.68158']"
https://latitudelongitude.org/pl/lodygowice/,"['49.72992, 19.13939']"
https://latitudelongitude.org/pl/lodz/,"['51.75, 19.46667']"
https://latitudelongitude.org/pl/lomianki/,"['52.33413, 20.88602']"
https://latitudelongitude.org/pl/lomza/,"['53.17806, 22.05935']"
https://latitudelongitude.org/pl/losice/,"['52.21129, 22.71801']"
https://latitudelongitude.org/pl/lowicz/,"['52.10714, 19.94525']"
https://latitudelongitude.org/pl/lubaczow/,"['50.157, 23.12339']"
https://latitudelongitude.org/pl/luban/,"['51.12014, 15.28768']"
https://latitudelongitude.org/pl/lubartow/,"['51.46026, 22.60952']"
https://latitudelongitude.org/pl/lubawa/,"['53.50428, 19.74966']"
https://latitudelongitude.org/pl/lubawka/,"['50.70456, 16.00026']"
https://latitudelongitude.org/pl/lubin/,"['51.40089, 16.20149']"
https://latitudelongitude.org/pl/lublin/,"['51.25, 22.56667']"
https://latitudelongitude.org/pl/lubliniec/,"['50.66897, 18.6844']"
https://latitudelongitude.org/pl/lubon/,"['52.34705, 16.89267']"
https://latitudelongitude.org/pl/lubsko/,"['51.78467, 14.97196']"
https://latitudelongitude.org/pl/ludwin/,"['51.34605, 22.90581']"
https://latitudelongitude.org/pl/lukow/,"['51.929, 22.37956']"
https://latitudelongitude.org/pl/luzino/,"['54.56604, 18.10907']"
https://latitudelongitude.org/pl/lwowek-slaski/,"['51.11074, 15.58582']"
https://latitudelongitude.org/pl/makow-mazowiecki/,"['52.86493, 21.10053']"
https://latitudelongitude.org/pl/makow-podhalanski/,"['49.73008, 19.67711']"
https://latitudelongitude.org/pl/malbork/,"['54.03591, 19.0266']"
https://latitudelongitude.org/pl/malkinia-gorna/,"['52.6922, 22.02836']"
https://latitudelongitude.org/pl/marki/,"['52.32065, 21.10474']"
https://latitudelongitude.org/pl/marklowice/,"['50.01695, 18.52098']"
https://latitudelongitude.org/pl/miasteczko-slaskie/,"['50.50262, 18.93949']"
https://latitudelongitude.org/pl/miastko/,"['54.00283, 16.98263']"
https://latitudelongitude.org/pl/miechow/,"['50.35648, 20.02788']"
https://latitudelongitude.org/pl/miedzychod/,"['52.59882, 15.89696']"
https://latitudelongitude.org/pl/miedzyrzec-podlaski/,"['51.9864, 22.78248']"
https://latitudelongitude.org/pl/miedzyrzecz/,"['52.44461, 15.57801']"
https://latitudelongitude.org/pl/miedzyzdroje/,"['53.92921, 14.45097']"
https://latitudelongitude.org/pl/mielec/,"['50.28709, 21.4239']"
https://latitudelongitude.org/pl/mikolow/,"['50.17103, 18.9041']"
https://latitudelongitude.org/pl/milanowek/,"['52.11879, 20.67155']"
https://latitudelongitude.org/pl/milicz/,"['51.5277, 17.27137']"
https://latitudelongitude.org/pl/minsk-mazowiecki/,"['52.17935, 21.57251']"
https://latitudelongitude.org/pl/mlawa/,"['53.11278, 20.3841']"
https://latitudelongitude.org/pl/mogilno/,"['52.65806, 17.95578']"
https://latitudelongitude.org/pl/mokotow/,"['52.1934, 21.03487']"
https://latitudelongitude.org/pl/monki/,"['53.40496, 22.79791']"
https://latitudelongitude.org/pl/morag/,"['53.91711, 19.92602']"
https://latitudelongitude.org/pl/mosina/,"['52.24543, 16.84709']"
https://latitudelongitude.org/pl/mragowo/,"['53.86437, 21.30507']"
https://latitudelongitude.org/pl/mszana-dolna/,"['49.67432, 20.07992']"
https://latitudelongitude.org/pl/mszczonow/,"['51.97415, 20.52083']"
https://latitudelongitude.org/pl/murcki/,"['50.20036, 19.04351']"
https://latitudelongitude.org/pl/murowana-goslina/,"['52.57463, 17.00933']"
https://latitudelongitude.org/pl/muszyna/,"['49.35661, 20.89718']"
https://latitudelongitude.org/pl/myslakowice/,"['50.84123, 15.77894']"
https://latitudelongitude.org/pl/myslenice/,"['49.83383, 19.9383']"
https://latitudelongitude.org/pl/mysliborz/,"['52.92382, 14.86785']"
https://latitudelongitude.org/pl/myslowice/,"['50.20745, 19.16668']"
https://latitudelongitude.org/pl/myszkow/,"['50.5752, 19.32461']"
https://latitudelongitude.org/pl/nadarzyn/,"['52.09438, 20.80776']"
https://latitudelongitude.org/pl/naklo-nad-notecia/,"['53.14214, 17.60181']"
https://latitudelongitude.org/pl/namyslow/,"['51.07592, 17.72284']"
https://latitudelongitude.org/pl/nasielsk/,"['52.58887, 20.80553']"
https://latitudelongitude.org/pl/nidzica/,"['53.36052, 20.42749']"
https://latitudelongitude.org/pl/niedobczyce/,"['50.0654, 18.49531']"
https://latitudelongitude.org/pl/niemodlin/,"['50.642, 17.61932']"
https://latitudelongitude.org/pl/niepolomice/,"['50.04066, 20.22257']"
https://latitudelongitude.org/pl/nisko/,"['50.51987, 22.13968']"
https://latitudelongitude.org/pl/nowa-deba/,"['50.42974, 21.75078']"
https://latitudelongitude.org/pl/nowa-ruda/,"['50.58008, 16.50164']"
https://latitudelongitude.org/pl/nowa-sarzyna/,"['50.32086, 22.34456']"
https://latitudelongitude.org/pl/nowa-sol/,"['51.80333, 15.71702']"
https://latitudelongitude.org/pl/nowe/,"['53.64906, 18.72716']"
https://latitudelongitude.org/pl/nowe-miasto-lubawskie/,"['53.42079, 19.59515']"
https://latitudelongitude.org/pl/nowogard/,"['53.67437, 15.1163']"
https://latitudelongitude.org/pl/nowogrod-bobrzanski/,"['51.79856, 15.2352']"
https://latitudelongitude.org/pl/nowy-dwor-gdanski/,"['54.21305, 19.11771']"
https://latitudelongitude.org/pl/nowy-dwor-mazowiecki/,"['52.43022, 20.71652']"
https://latitudelongitude.org/pl/nowy-sacz/,"['49.62177, 20.69705']"
https://latitudelongitude.org/pl/nowy-targ/,"['49.47783, 20.03228']"
https://latitudelongitude.org/pl/nowy-tomysl/,"['52.3195, 16.12844']"
https://latitudelongitude.org/pl/nysa/,"['50.47379, 17.33437']"
https://latitudelongitude.org/pl/oborniki/,"['52.64739, 16.81406']"
https://latitudelongitude.org/pl/oborniki-slaskie/,"['51.30137, 16.91465']"
https://latitudelongitude.org/pl/ochota/,"['52.22096, 20.98526']"
https://latitudelongitude.org/pl/olawa/,"['50.9466, 17.2926']"
https://latitudelongitude.org/pl/olecko/,"['54.03374, 22.50704']"
https://latitudelongitude.org/pl/olesnica/,"['51.21338, 17.38986']"
https://latitudelongitude.org/pl/olesno/,"['50.87698, 18.42094']"
https://latitudelongitude.org/pl/oleszyce/,"['50.1675, 23.03481']"
https://latitudelongitude.org/pl/olkusz/,"['50.2813, 19.56503']"
https://latitudelongitude.org/pl/olsztyn/,"['53.77995, 20.49416']"
https://latitudelongitude.org/pl/olsztynek/,"['53.58374, 20.28471']"
https://latitudelongitude.org/pl/opalenica/,"['52.30887, 16.41278']"
https://latitudelongitude.org/pl/opatow/,"['50.80058, 21.42538']"
https://latitudelongitude.org/pl/opoczno/,"['51.37569, 20.27827']"
https://latitudelongitude.org/pl/opole/,"['50.67211, 17.92533']"
https://latitudelongitude.org/pl/opole-lubelskie/,"['51.14775, 21.96897']"
https://latitudelongitude.org/pl/orneta/,"['54.11483, 20.13328']"
https://latitudelongitude.org/pl/ornontowice/,"['50.19377, 18.75435']"
https://latitudelongitude.org/pl/orzesze/,"['50.15595, 18.77923']"
https://latitudelongitude.org/pl/orzysz/,"['53.80967, 21.94811']"
https://latitudelongitude.org/pl/osiek/,"['49.95067, 19.26444']"
https://latitudelongitude.org/pl/ostroda/,"['53.69671, 19.96486']"
https://latitudelongitude.org/pl/ostroleka/,"['53.08621, 21.57566']"
https://latitudelongitude.org/pl/ostrow-mazowiecka/,"['52.80245, 21.89507']"
https://latitudelongitude.org/pl/ostrow-wielkopolski/,"['51.65501, 17.80686']"
https://latitudelongitude.org/pl/ostrowiec-swietokrzyski/,"['50.92936, 21.38525']"
https://latitudelongitude.org/pl/ostrzeszow/,"['51.4264, 17.93355']"
https://latitudelongitude.org/pl/oswiecim/,"['50.03437, 19.21037']"
https://latitudelongitude.org/pl/otmuchow/,"['50.46627, 17.17348']"
https://latitudelongitude.org/pl/otwock/,"['52.10577, 21.26129']"
https://latitudelongitude.org/pl/ozarow-mazowiecki/,"['52.21039, 20.79716']"
https://latitudelongitude.org/pl/ozimek/,"['50.67944, 18.2137']"
https://latitudelongitude.org/pl/ozorkow/,"['51.96336, 19.29139']"
https://latitudelongitude.org/pl/pabianice/,"['51.66446, 19.35473']"
https://latitudelongitude.org/pl/paczkow/,"['50.46395, 17.00658']"
https://latitudelongitude.org/pl/pajeczno/,"['51.14449, 18.99612']"
https://latitudelongitude.org/pl/parczew/,"['51.64021, 22.90057']"
https://latitudelongitude.org/pl/paslek/,"['54.0616, 19.65932']"
https://latitudelongitude.org/pl/pawlowice/,"['49.96127, 18.71778']"
https://latitudelongitude.org/pl/pelplin/,"['53.92834, 18.6977']"
https://latitudelongitude.org/pl/piaseczno/,"['52.0814, 21.02397']"
https://latitudelongitude.org/pl/piastow/,"['52.18435, 20.83952']"
https://latitudelongitude.org/pl/piechowice/,"['50.84963, 15.59887']"
https://latitudelongitude.org/pl/piekary-slaskie/,"['50.38017, 18.92653']"
https://latitudelongitude.org/pl/pieszyce/,"['50.71287, 16.58232']"
https://latitudelongitude.org/pl/pila/,"['53.15145, 16.73782']"
https://latitudelongitude.org/pl/pilawa-gorna/,"['50.68357, 16.74359']"
https://latitudelongitude.org/pl/pinczow/,"['50.52052, 20.52649']"
https://latitudelongitude.org/pl/pionki/,"['51.47604, 21.44995']"
https://latitudelongitude.org/pl/piotrkow-trybunalski/,"['51.40547, 19.70321']"
https://latitudelongitude.org/pl/pisz/,"['53.62744, 21.81253']"
https://latitudelongitude.org/pl/pleszew/,"['51.89636, 17.78549']"
https://latitudelongitude.org/pl/plock/,"['52.54682, 19.70638']"
https://latitudelongitude.org/pl/plonsk/,"['52.62348, 20.37552']"
https://latitudelongitude.org/pl/pniewy/,"['52.50943, 16.25668']"
https://latitudelongitude.org/pl/pobiedziska/,"['52.47753, 17.28767']"
https://latitudelongitude.org/pl/poddebice/,"['51.89344, 18.9573']"
https://latitudelongitude.org/pl/polanica-zdroj/,"['50.40373, 16.51271']"
https://latitudelongitude.org/pl/polaniec/,"['50.43324, 21.2812']"
https://latitudelongitude.org/pl/polczyn-zdroj/,"['53.76424, 16.09574']"
https://latitudelongitude.org/pl/police/,"['53.55214, 14.57182']"
https://latitudelongitude.org/pl/polkowice/,"['51.50391, 16.07261']"
https://latitudelongitude.org/pl/poniatowa/,"['51.17983, 22.13093']"
https://latitudelongitude.org/pl/poreba/,"['50.48831, 19.33903']"
https://latitudelongitude.org/pl/poznan/,"['52.40692, 16.92993']"
https://latitudelongitude.org/pl/prabuty/,"['53.755, 19.20547']"
https://latitudelongitude.org/pl/praga-polnoc/,"['52.25443, 21.03472']"
https://latitudelongitude.org/pl/praga-poludnie/,"['52.24424, 21.08545']"
https://latitudelongitude.org/pl/praszka/,"['51.05375, 18.45317']"
https://latitudelongitude.org/pl/prudnik/,"['50.32124, 17.57461']"
https://latitudelongitude.org/pl/pruszcz-gdanski/,"['54.26217, 18.63625']"
https://latitudelongitude.org/pl/pruszkow/,"['52.17072, 20.81214']"
https://latitudelongitude.org/pl/przasnysz/,"['53.01907, 20.88029']"
https://latitudelongitude.org/pl/przemysl/,"['49.78498, 22.76728']"
https://latitudelongitude.org/pl/przeworsk/,"['50.05912, 22.49408']"
https://latitudelongitude.org/pl/pszczyna/,"['49.98037, 18.95382']"
https://latitudelongitude.org/pl/pszow/,"['50.03994, 18.39472']"
https://latitudelongitude.org/pl/puck/,"['54.7179, 18.40841']"
https://latitudelongitude.org/pl/pulawy/,"['51.41655, 21.96939']"
https://latitudelongitude.org/pl/pultusk/,"['52.7025, 21.08276']"
https://latitudelongitude.org/pl/puszczykowo/,"['52.2857, 16.84925']"
https://latitudelongitude.org/pl/pyrzyce/,"['53.1462, 14.89257']"
https://latitudelongitude.org/pl/pyskowice/,"['50.4, 18.63333']"
https://latitudelongitude.org/pl/rabka-zdroj/,"['49.60889, 19.96654']"
https://latitudelongitude.org/pl/raciborz/,"['50.09195, 18.21928']"
https://latitudelongitude.org/pl/radlin/,"['50.0502, 18.47626']"
https://latitudelongitude.org/pl/radom/,"['51.40253, 21.14714']"
https://latitudelongitude.org/pl/radomsko/,"['51.06713, 19.44477']"
https://latitudelongitude.org/pl/radymno/,"['49.9472, 22.82375']"
https://latitudelongitude.org/pl/radziejow/,"['52.62481, 18.52771']"
https://latitudelongitude.org/pl/radzionkow/,"['50.40026, 18.90232']"
https://latitudelongitude.org/pl/radzymin/,"['52.41592, 21.18415']"
https://latitudelongitude.org/pl/radzyn-podlaski/,"['51.78333, 22.61667']"
https://latitudelongitude.org/pl/rakszawa/,"['50.16051, 22.23907']"
https://latitudelongitude.org/pl/raszyn/,"['52.15603, 20.9226']"
https://latitudelongitude.org/pl/rawa-mazowiecka/,"['51.76437, 20.25493']"
https://latitudelongitude.org/pl/rawicz/,"['51.60946, 16.85852']"
https://latitudelongitude.org/pl/reda/,"['54.60528, 18.34717']"
https://latitudelongitude.org/pl/rembertow/,"['52.26059, 21.16355']"
https://latitudelongitude.org/pl/reszel/,"['54.05042, 21.14585']"
https://latitudelongitude.org/pl/rogozno/,"['52.75226, 16.99049']"
https://latitudelongitude.org/pl/ropczyce/,"['50.05229, 21.60891']"
https://latitudelongitude.org/pl/ruda-slaska/,"['50.2584, 18.85632']"
https://latitudelongitude.org/pl/rudnik-nad-sanem/,"['50.44152, 22.24856']"
https://latitudelongitude.org/pl/rumia/,"['54.57092, 18.38802']"
https://latitudelongitude.org/pl/rybnik/,"['50.09713, 18.54179']"
https://latitudelongitude.org/pl/rydultowy/,"['50.05857, 18.41703']"
https://latitudelongitude.org/pl/ryki/,"['51.62574, 21.93274']"
https://latitudelongitude.org/pl/rypin/,"['53.06603, 19.40941']"
https://latitudelongitude.org/pl/rzepin/,"['52.3464, 14.83227']"
https://latitudelongitude.org/pl/rzeszow/,"['50.04132, 21.99901']"
https://latitudelongitude.org/pl/sandomierz/,"['50.68265, 21.74898']"
https://latitudelongitude.org/pl/sanok/,"['49.55573, 22.2056']"
https://latitudelongitude.org/pl/siedlce/,"['52.16772, 22.29006']"
https://latitudelongitude.org/pl/siemianowice-slaskie/,"['50.32738, 19.02901']"
https://latitudelongitude.org/pl/siemiatycze/,"['52.42719, 22.86231']"
https://latitudelongitude.org/pl/sieradz/,"['51.59584, 18.73023']"
https://latitudelongitude.org/pl/sierpc/,"['52.8568, 19.66913']"
https://latitudelongitude.org/pl/skarzysko-kamienna/,"['51.11311, 20.87162']"
https://latitudelongitude.org/pl/skawina/,"['49.97524, 19.82869']"
https://latitudelongitude.org/pl/skierniewice/,"['51.95485, 20.15837']"
https://latitudelongitude.org/pl/skoczow/,"['49.80089, 18.7877']"
https://latitudelongitude.org/pl/slawno/,"['54.36276, 16.67888']"
https://latitudelongitude.org/pl/slubice/,"['52.35088, 14.56065']"
https://latitudelongitude.org/pl/slupca/,"['52.28733, 17.87192']"
https://latitudelongitude.org/pl/slupsk/,"['54.46405, 17.02872']"
https://latitudelongitude.org/pl/sochaczew/,"['52.22944, 20.23838']"
https://latitudelongitude.org/pl/sokolka/,"['53.40715, 23.50228']"
https://latitudelongitude.org/pl/sokolow-podlaski/,"['52.40677, 22.25307']"
https://latitudelongitude.org/pl/solec-kujawski/,"['53.08371, 18.22572']"
https://latitudelongitude.org/pl/sopot/,"['54.4418, 18.56003']"
https://latitudelongitude.org/pl/sosnowiec/,"['50.28682, 19.10385']"
https://latitudelongitude.org/pl/srem/,"['52.08868, 17.01508']"
https://latitudelongitude.org/pl/sroda-wielkopolska/,"['52.22843, 17.27617']"
https://latitudelongitude.org/pl/srodmiescie/,"['52.22904, 21.01644']"
https://latitudelongitude.org/pl/stalowa-wola/,"['50.58286, 22.05334']"
https://latitudelongitude.org/pl/starachowice/,"['51.0374, 21.07126']"
https://latitudelongitude.org/pl/stargard-szczecinski/,"['53.33672, 15.0499']"
https://latitudelongitude.org/pl/starogard-gdanski/,"['53.96396, 18.52638']"
https://latitudelongitude.org/pl/staszow/,"['50.56307, 21.16593']"
https://latitudelongitude.org/pl/strzegom/,"['50.96264, 16.35006']"
https://latitudelongitude.org/pl/strzelce-opolskie/,"['50.5107, 18.30056']"
https://latitudelongitude.org/pl/strzelin/,"['50.78157, 17.06477']"
https://latitudelongitude.org/pl/sulechow/,"['52.08362, 15.62513']"
https://latitudelongitude.org/pl/sulejowek/,"['52.25221, 21.26902']"
https://latitudelongitude.org/pl/suwalki/,"['54.11175, 22.93087']"
https://latitudelongitude.org/pl/swarzedz/,"['52.41289, 17.08503']"
https://latitudelongitude.org/pl/swidnica/,"['50.84378, 16.48859']"
https://latitudelongitude.org/pl/swidnik/,"['51.21898, 22.69621']"
https://latitudelongitude.org/pl/swidwin/,"['53.77464, 15.77671']"
https://latitudelongitude.org/pl/swiebodzice/,"['50.85975, 16.3282']"
https://latitudelongitude.org/pl/swiebodzin/,"['52.24751, 15.53355']"
https://latitudelongitude.org/pl/swiecie/,"['53.40953, 18.44742']"
https://latitudelongitude.org/pl/swietochlowice/,"['50.29636, 18.91726']"
https://latitudelongitude.org/pl/swinoujscie/,"['53.91053, 14.24712']"
https://latitudelongitude.org/pl/szamotuly/,"['52.61201, 16.57794']"
https://latitudelongitude.org/pl/szczecin/,"['53.42894, 14.55302']"
https://latitudelongitude.org/pl/szczecinek/,"['53.70791, 16.69937']"
https://latitudelongitude.org/pl/szczytno/,"['53.56259, 20.98747']"
https://latitudelongitude.org/pl/szprotawa/,"['51.56563, 15.53664']"
https://latitudelongitude.org/pl/szydlowiec/,"['51.22823, 20.86106']"
https://latitudelongitude.org/pl/targowek/,"['52.29185, 21.04845']"
https://latitudelongitude.org/pl/tarnobrzeg/,"['50.57304, 21.67937']"
https://latitudelongitude.org/pl/tarnow/,"['50.01381, 20.98698']"
https://latitudelongitude.org/pl/tarnowskie-gory/,"['50.44548, 18.86147']"
https://latitudelongitude.org/pl/tczew/,"['54.09242, 18.77787']"
https://latitudelongitude.org/pl/terespol/,"['52.0755, 23.61614']"
https://latitudelongitude.org/pl/tluszcz/,"['52.43058, 21.43561']"
https://latitudelongitude.org/pl/tomaszow-lubelski/,"['50.44767, 23.41616']"
https://latitudelongitude.org/pl/tomaszow-mazowiecki/,"['51.53131, 20.00855']"
https://latitudelongitude.org/pl/torun/,"['53.01375, 18.59814']"
https://latitudelongitude.org/pl/trzcianka/,"['53.04063, 16.45629']"
https://latitudelongitude.org/pl/trzebiatow/,"['54.06147, 15.26475']"
https://latitudelongitude.org/pl/trzebinia/,"['50.15931, 19.46966']"
https://latitudelongitude.org/pl/trzebnica/,"['51.31076, 17.06331']"
https://latitudelongitude.org/pl/trzemeszno/,"['52.56139, 17.82311']"
https://latitudelongitude.org/pl/tuchola/,"['53.58792, 17.85905']"
https://latitudelongitude.org/pl/tuchow/,"['49.89485, 21.05407']"
https://latitudelongitude.org/pl/turek/,"['52.01548, 18.50055']"
https://latitudelongitude.org/pl/tuszyn/,"['51.60949, 19.53009']"
https://latitudelongitude.org/pl/twardogora/,"['51.36487, 17.46878']"
https://latitudelongitude.org/pl/tychy/,"['50.13717, 18.96641']"
https://latitudelongitude.org/pl/ursus/,"['52.19517, 20.88419']"
https://latitudelongitude.org/pl/ursynow/,"['52.15051, 21.05041']"
https://latitudelongitude.org/pl/ustka/,"['54.58048, 16.86194']"
https://latitudelongitude.org/pl/ustron/,"['49.72153, 18.80198']"
https://latitudelongitude.org/pl/ustrzyki-dolne/,"['49.4304, 22.59381']"
https://latitudelongitude.org/pl/wabrzezno/,"['53.27989, 18.94773']"
https://latitudelongitude.org/pl/wadowice/,"['49.88335, 19.49292']"
https://latitudelongitude.org/pl/wagrowiec/,"['52.80842, 17.19961']"
https://latitudelongitude.org/pl/walbrzych/,"['50.77141, 16.28432']"
https://latitudelongitude.org/pl/walcz/,"['53.27787, 16.47122']"
https://latitudelongitude.org/pl/warka/,"['51.7843, 21.19091']"
https://latitudelongitude.org/pl/warsaw/,"['52.22977, 21.01178']"
https://latitudelongitude.org/pl/wasilkow/,"['53.19909, 23.20776']"
https://latitudelongitude.org/pl/wawer/,"['52.19656, 21.17752']"
https://latitudelongitude.org/pl/wegorzewo/,"['54.21567, 21.7372']"
https://latitudelongitude.org/pl/wegrow/,"['52.39954, 22.01634']"
https://latitudelongitude.org/pl/wejherowo/,"['54.60568, 18.23559']"
https://latitudelongitude.org/pl/wesola/,"['52.25451, 21.22407']"
https://latitudelongitude.org/pl/wiecbork/,"['53.35384, 17.49064']"
https://latitudelongitude.org/pl/wielen/,"['52.89461, 16.17136']"
https://latitudelongitude.org/pl/wieliczka/,"['49.98738, 20.06473']"
https://latitudelongitude.org/pl/wielki-kack/,"['54.46754, 18.4881']"
https://latitudelongitude.org/pl/wielun/,"['51.22097, 18.56964']"
https://latitudelongitude.org/pl/wieprz/,"['49.89093, 19.35688']"
https://latitudelongitude.org/pl/wieruszow/,"['51.29488, 18.15547']"
https://latitudelongitude.org/pl/wilanow/,"['52.16311, 21.08748']"
https://latitudelongitude.org/pl/wilkowice/,"['49.76282, 19.08973']"
https://latitudelongitude.org/pl/wisla/,"['49.65629, 18.8591']"
https://latitudelongitude.org/pl/witkowo/,"['52.43964, 17.77264']"
https://latitudelongitude.org/pl/witnica/,"['52.67318, 14.89765']"
https://latitudelongitude.org/pl/wladyslawowo/,"['54.79086, 18.4009']"
https://latitudelongitude.org/pl/wlochy/,"['52.17941, 20.94612']"
https://latitudelongitude.org/pl/wloclawek/,"['52.64817, 19.0678']"
https://latitudelongitude.org/pl/wlodawa/,"['51.55, 23.55']"
https://latitudelongitude.org/pl/wloszczowa/,"['50.85256, 19.96593']"
https://latitudelongitude.org/pl/wodzislaw-slaski/,"['50.00377, 18.47205']"
https://latitudelongitude.org/pl/wojkowice/,"['50.36509, 19.03652']"
https://latitudelongitude.org/pl/wola/,"['52.2401, 20.98869']"
https://latitudelongitude.org/pl/wolbrom/,"['50.37957, 19.75831']"
https://latitudelongitude.org/pl/wolczyn/,"['51.01845, 18.04994']"
https://latitudelongitude.org/pl/wolin/,"['53.84214, 14.61465']"
https://latitudelongitude.org/pl/wolomin/,"['52.34006, 21.24207']"
https://latitudelongitude.org/pl/wolow/,"['51.33656, 16.64429']"
https://latitudelongitude.org/pl/wolsztyn/,"['52.11552, 16.11712']"
https://latitudelongitude.org/pl/wroclaw/,"['51.1, 17.03333']"
https://latitudelongitude.org/pl/wronki/,"['52.71051, 16.38044']"
https://latitudelongitude.org/pl/wrzesnia/,"['52.32512, 17.56519']"
https://latitudelongitude.org/pl/wschowa/,"['51.80705, 16.31663']"
https://latitudelongitude.org/pl/wyrzysk/,"['53.153, 17.26802']"
https://latitudelongitude.org/pl/wysokie-mazowieckie/,"['52.91661, 22.51712']"
https://latitudelongitude.org/pl/wyszkow/,"['52.59278, 21.4584']"
https://latitudelongitude.org/pl/zabki/,"['52.29271, 21.10539']"
https://latitudelongitude.org/pl/zabkowice-slaskie/,"['50.58969, 16.81239']"
https://latitudelongitude.org/pl/zabrze/,"['50.32492, 18.78576']"
https://latitudelongitude.org/pl/zagan/,"['51.61759, 15.31486']"
https://latitudelongitude.org/pl/zagorz/,"['49.51457, 22.26706']"
https://latitudelongitude.org/pl/zakopane/,"['49.29899, 19.94885']"
https://latitudelongitude.org/pl/zambrow/,"['52.9855, 22.24319']"
https://latitudelongitude.org/pl/zamosc/,"['50.72314, 23.25196']"
https://latitudelongitude.org/pl/zarow/,"['50.94116, 16.49466']"
https://latitudelongitude.org/pl/zary/,"['51.64205, 15.13727']"
https://latitudelongitude.org/pl/zawadzkie/,"['50.60503, 18.48467']"
https://latitudelongitude.org/pl/zawiercie/,"['50.48766, 19.41679']"
https://latitudelongitude.org/pl/zawoja/,"['49.64396, 19.54227']"
https://latitudelongitude.org/pl/zbaszyn/,"['52.2509, 15.9252']"
https://latitudelongitude.org/pl/zbaszynek/,"['52.24315, 15.81654']"
https://latitudelongitude.org/pl/zdunska-wola/,"['51.59915, 18.93974']"
https://latitudelongitude.org/pl/zdzieszowice/,"['50.42482, 18.12349']"
https://latitudelongitude.org/pl/zebrzydowice/,"['49.87793, 18.61127']"
https://latitudelongitude.org/pl/zelow/,"['51.46452, 19.21972']"
https://latitudelongitude.org/pl/zgierz/,"['51.85561, 19.40623']"
https://latitudelongitude.org/pl/zgorzelec/,"['51.14942, 15.00835']"
https://latitudelongitude.org/pl/ziebice/,"['50.60122, 17.04065']"
https://latitudelongitude.org/pl/zielona-gora/,"['51.93548, 15.50643']"
https://latitudelongitude.org/pl/zielonka/,"['52.30376, 21.16018']"
https://latitudelongitude.org/pl/zlocieniec/,"['53.53286, 16.01132']"
https://latitudelongitude.org/pl/zlotoryja/,"['51.12637, 15.91979']"
https://latitudelongitude.org/pl/zlotow/,"['53.36346, 17.04082']"
https://latitudelongitude.org/pl/zmigrod/,"['51.46672, 16.90564']"
https://latitudelongitude.org/pl/znin/,"['52.84958, 17.71992']"
https://latitudelongitude.org/pl/zoliborz/,"['52.26896, 20.98644']"
https://latitudelongitude.org/pl/zolynia/,"['50.162, 22.30825']"
https://latitudelongitude.org/pl/zory/,"['50.04523, 18.70062']"
https://latitudelongitude.org/pl/zukowo/,"['54.3422, 18.36476']"
https://latitudelongitude.org/pl/zuromin/,"['53.06611, 19.90894']"
https://latitudelongitude.org/pl/zwolen/,"['51.35542, 21.58768']"
https://latitudelongitude.org/pl/zychlin/,"['52.24404, 19.62613']"
https://latitudelongitude.org/pl/zyrardow/,"['52.0488, 20.44599']"
https://latitudelongitude.org/pl/zywiec/,"['49.68529, 19.19243']"
